CAA8,3000,75,ASP,15,33,50.5208,50.5125,-116.001,-115.999,,,170,350,,,0,,,,,,,
CAD4,4000,75,ASP,16,34,49.0721,49.0612,-117.6,-117.6,,,179,359,,,0,,,,,,,
CAD5,4000,73,ASP,03,21,50.1188,50.1248,-120.754,-120.74,,,57,237,,,0,,,,,,,
CAH4,3950,75,ASP,14,32,52.8583,52.8481,-119.337,-119.331,,,161,341,,,0,,,,,,,
CAJ3,3945,75,ASP,15,33,49.0422,49.0317,-116.5,-116.497,2070,2070,168.3,348.3,,,1,,,,,,,
CAJ7,4500,50,ASP,07,25,50.4497,50.4503,-113.76,-113.74,,,87,267,,,0,,,,,,,
CAL3,4600,40,ASP,08,26,50.1678,50.1656,-120.193,-120.174,,,100,280,,,0,,,,,,,
CAM5,3900,66,ASP,13,31,54.438,54.4287,-126.788,-126.779,,,150,330,,,0,,,,,,,
CAQ5,3000,75,ASP,12,30,50.2694,50.2631,-117.817,-117.809,,,141,321,,,0,,,,,,,
CAR3,3990,75,ASP,14,32,50.68,50.6694,-121.896,-121.891,,,161.5,341.5,,,0,,,,,,,
CAT4,3565,75,ASP,11,29,49.3403,49.3344,-124.4,-124.388,191,170,126.8,306.8,500,226,1,,,,,,,
CAU3,3200,50,ASP,18,36,49.1775,49.1692,-119.549,-119.553,,,200,20,,700,1,,,,,,,
CAU4,5200,180,GVL,02,20,54.0356,54.0462,-124.019,-124.003,,,42,222,,,0,,,,,,,
CAU4,5018,100,ASP,07,25,54.0453,54.0467,-124.024,-124.001,,,84.1,264.2,,200,0,,,,,,,
CAU4,3200,180,GVL,15,33,54.0453,54.0366,-124.021,-124.019,,,172,352,100,,0,,,,,,,
CAZ5,3280,75,ASP,15,33,50.7878,50.7789,-121.318,-121.316,,,171,351,,,0,,,,,,,
CBJ4,3412,60,ASP,07,25,51.2417,51.2416,-122.002,-121.987,,,90.2,270.2,,,0,,,,,,,
CBR2,3700,60,ASP,07,25,49.9035,49.9037,-116.943,-116.927,,,89,269,,,0,,,,,,,
CBS8,3952,75,ASP,12,30,49.3259,49.3182,-124.937,-124.925,247,229,135.3,315.3,,,0,,,,,,,
CBX7,4000,100,ASP,01,19,55.0208,55.03,-120.941,-120.931,3075,3075,33,213,,,1,,,,,,,
CBZ9,3900,75,ASP,08,26,54.0146,54.0121,-124.777,-124.76,,,103.7,283.7,,,0,,,,,,,
CCC2,2999,75,ASP,15,33,47.1397,47.1347,-55.3339,-55.3244,151,143,127.8,307.8,,,1,,,,,,,
CCE3,4021,53,ASP,02,20,46.5572,46.5682,-67.168,-67.1688,836,837,357,177,,,0,,,,,,,
CCG4,3000,80,ASP,08,26,46.1517,46.1561,-64.7736,-64.7636,,,58,238,395,,0,,,,,,,
CCN2,3000,75,ASP,06,24,44.7103,44.7164,-66.8003,-66.7925,238,221,42,222,,,1,,,,,,,
CCP2,3930,75,ASP,07,25,49.052,49.0602,-55.4535,-55.4425,365,350,41,221,,,1,,,,,,,
CCQ3,3000,150,ASP,05,23,45.4174,45.4247,-63.467,-63.4617,134,134,27,207,,,0,,,,,,,
CCQ3,5000,150,ASP,09,27,45.4147,45.4181,-63.4711,-63.4528,142,142,75.5,255.5,,,1,,,,,,,
CCQ3,5000,150,ASP,16,34,45.4253,45.415,-63.4703,-63.4575,130,135,138.8,318.8,500,,0,,,,,,,
CCR3,5400,100,ASP,18,36,46.4331,46.4192,-67.6318,-67.6241,505,454,159,339,,,1,,,,,,,
CCS3,3000,75,ASP,14,32,45.2094,45.2053,-67.2556,-67.2453,100,100,119.9,299.9,,,1,,,,,,,
CCS4,4022,50,ASP,09,27,46.1469,46.1503,-65.9117,-65.8966,58,64,72,252,,,0,,,,,,,
CCW3,3500,75,ASP,10,28,45.0511,45.0533,-64.6586,-64.6453,119,106,77,257,,,1,,,,,,,
CCW4,2500,100,GRS,02,20,45.0973,45.1038,-63.9222,-63.9189,,,20,200,,,0,,,,,,,
CCW4,2400,100,COM,09,27,45.0994,45.1017,-63.925,-63.9164,,,69.9,249.9,,,0,,,,,,,
CCW4,1600,150,GRS,15,33,45.1044,45.1017,-63.9233,-63.9186,,,129.8,309.8,,,0,,,,,,,
CCZ3,3933,75,ASP,08,26,48.2715,48.2779,-53.9304,-53.9174,171,199,54,234,,,1,,,,,,,
CDA4,3000,75,ASP,13,31,47.7175,47.7153,-64.8883,-64.8766,68,68,105,285,,,1,,,,,,,
CDA5,3000,75,ASP,18,36,47.7775,47.7697,-59.315,-59.3108,65,23,160.2,340.2,,,1,,,,,,,
CDH1,3080,60,ASP,05,23,45.3508,45.3575,-79.155,-79.1478,,,36.6,216.6,150,500,0,,,,,,,
CDJ4,3979,60,ASP,14,32,46.7156,46.7109,-66.8355,-66.8212,1300,1300,116,296,,,0,,,,,,,
CDT5,5024,74,ASP,09,27,46.5074,46.5114,-64.7033,-64.6843,57,25,73.1,253.1,,,0,,,,,,,
CDU6,3996,50,ASP,11,29,46.5529,46.552,-66.1018,-66.086,315,325,95,275,,,0,,,,,,,
CDV2,4003,47,ASP,05,23,47.7489,47.7582,-67.4303,-67.4217,857,883,31.9,211.9,,,0,,,,,,,
CDY3,3000,75,ASP,11,29,49.6568,49.6581,-54.2438,-54.2312,76,74,81,261,,,1,,,,,,,
CEA3,1800,50,GRS,04,22,51.7094,51.7119,-114.115,-114.108,,,59.2,239.2,,,0,,,,,,,
CEA3,3650,75,ASP,10,28,51.7136,51.7092,-114.114,-114.1,,,116.3,296.3,,,1,,,,,,,
CEA5,3000,75,ASP,07,25,52.6469,52.6469,-111.391,-111.378,,,90,270,,,1,,,,,,,
CEA6,3500,75,ASP,05,23,49.1603,49.1647,-113.247,-113.234,,,63,243,,,1,,,,,,,
CEB5,3492,75,ASP,04,22,56.0789,56.0839,-118.442,-118.427,,,58,238,,,1,,,,,,,
CEC4,4300,100,ASP,02,20,53.3144,53.3239,-117.759,-117.747,4025,4006,39,219,,300,1,,,,,,,
CED3,3000,75,ASP,14,32,51.3381,51.3306,-110.494,-110.489,,,160.6,340.6,,,1,,,,,,,
CED5,3000,75,ASP,05,23,49.8247,49.8283,-112.191,-112.179,,,64,244,,,1,,,,,,,
CED5,2000,75,ASP,13,31,49.8294,49.8247,-112.186,-112.182,,,149,329,,,0,,,,,,,
CEE5,3544,100,ASP,07,25,55.9617,55.9619,-113.828,-113.81,,,88.4,268.4,,,1,,,,,,,
CEF3,3000,75,ASP,05,23,49.8817,49.885,-111.339,-111.327,,,66,246,,,1,,,,,,,
CEF4,5000,100,ASP,12,30,51.2689,51.2588,-113.942,-113.927,3653,3650,137.5,317.5,,1000,1,,,,,,,
CEG3,3000,74,ASP,16,34,52.4925,52.4842,-113.712,-113.712,,,179.7,359.7,,,1,,,,,,,
CEG4,3500,75,ASP,16,34,51.5014,51.4919,-112.749,-112.749,2597,2597,180,360,,,1,,,,,,,
CEH3,3097,75,ASP,16,34,52.6558,52.6472,-113.606,-113.606,,,178.9,358.9,,,1,,,,,,,
CEH4,3015,150,ASP,10,28,50.8242,50.82,-113.83,-113.819,,,120,300,,,0,,,,,,,
CEH4,2931,150,ASP,16,34,50.8281,50.82,-113.819,-113.819,,,179,359,,,0,,,,,,,
CEH5,3540,75,ASP,12,30,56.55,56.5425,-115.28,-115.269,,,140,320,,,1,,,,,,,
CEH6,5001,75,ASP,12,30,52.3427,52.3334,-110.286,-110.269,2184,2197,133.8,313.8,874,384,1,,,,,,,
CEJ3,3000,75,ASP,07,25,52.3097,52.31,-112.761,-112.747,,,88,268,200,,1,,,,,,,
CEJ4,3100,100,ASP,03,21,50.0029,50.0086,-113.637,-113.627,,,48,228,,,1,,,,,,,
CEJ6,4492,75,ASP,07,25,53.8931,53.8928,-110.783,-110.762,,,91,271,,,1,,,,,,,
CEL4,1800,100,GRS,02,20,51.6292,51.6331,-111.901,-111.896,,,39,219,,,0,,,,,,,
CEL4,3535,75,ASP,12,30,51.6347,51.6281,-111.91,-111.899,,,134,314,,,1,,,,,,,
CEL4,1418,60,GRS,15,33,51.6322,51.6286,-111.9,-111.899,,,169,349,,,0,,,,,,,
CEL5,3300,75,ASP,07,25,55.0322,55.0325,-117.304,-117.288,,,88,268,,,1,,,,,,,
CEM4,3025,100,ASP,04,22,52.0792,52.0831,-114.036,-114.024,3015,2992,62,242,,,0,,,,,,,
CEM4,3025,100,ASP,10,28,52.0781,52.0742,-114.036,-114.024,3015,3007,118,298,,,0,,,,,,,
CEM4,3025,100,ASP,16,34,52.0828,52.0744,-114.023,-114.023,3005,2992,180,360,,,1,,,,,,,
CEM5,4500,100,ASP,10,28,54.6742,54.6672,-115.423,-115.406,3473,3473,124,304,,,1,,,,,,,
CEN3,3000,75,ASP,11,29,51.6992,51.6939,-113.214,-113.204,,,130,310,,,1,,,,,,,
CEN4,3000,75,ASP,06,24,50.5325,50.5342,-113.84,-113.827,,,78,258,,,1,,,,,,,
CEN5,3000,75,ASP,07,25,54.4775,54.4775,-110.276,-110.262,,,90,270,,,1,,,,,,,
CEP3,3500,100,ASP,07,25,54.1,54.1,-114.441,-114.425,,,90,270,,,1,,,,,,,
CEQ3,4500,100,ASP,13,31,53.0425,53.0314,-112.817,-112.808,2419,2421,155,335,200,,1,,,,,,,
CEQ5,5000,100,ASP,08,26,53.9186,53.9153,-118.886,-118.863,,,104,284,,,1,,,,,,,
CER2,3000,75,ASP,13,31,52.2203,52.2131,-111.937,-111.93,,,148,328,,,1,,,,,,,
CER3,5066,75,ASP,14,32,53.271,53.2579,-114.963,-114.955,,,161,341,761,344,1,,,,,,,
CES4,3000,75,ASP,10,28,54.1442,54.1403,-113.747,-113.735,,,118,298,200,200,1,,,,,,,
CET9,2500,60,GVL,10,28,61.5186,61.5147,-120.622,-120.611,,,124.9,304.9,,,1,,,,,,,
CEU2,3000,75,ASP,07,25,55.1842,55.1842,-119.455,-119.44,,,90,270,,,1,,,,,,,
CEV3,4000,100,ASP,13,31,53.5189,53.5097,-112.032,-112.022,,,147.7,327.7,,,1,,,,,,,
CEV7,3000,75,ASP,10,28,53.373,53.3692,-112.703,-112.691,,,117,297,,,1,,,,,,,
CEW3,3500,100,ASP,08,26,53.9936,53.9928,-111.388,-111.372,,,95,275,,,1,,,,,,,
CEX3,3876,100,ASP,12,30,52.9692,52.9619,-113.419,-113.406,2508,2497,134,314,,358,1,,,,,,,
CEY3,3000,75,ASP,06,24,49.6989,49.7011,-113.423,-113.411,,,74,254,,,1,,,,,,,
CEZ4,3000,100,ASP,08,26,58.4044,58.4036,-115.959,-115.943,,,96,276,,,1,,,,,,,
CFB6,4560,100,ASP,08,26,53.7281,53.7264,-113.093,-113.079,,,102,282,394,247,1,,,,,,,
CFD4,3000,75,ASP,05,23,49.4814,49.4847,-111.5,-111.489,,,66,246,,,1,,,,,,,
CFF7,5036,120,GRS,11,29,52.8375,52.8292,-110.909,-110.891,2159,2160,128,308,980,,0,,,,,,,
CFG3,3000,75,ASP,13,31,52.0203,52.0131,-110.753,-110.747,,,150,330,,,1,,,,,,,
CFH4,4885,75,ASP,15,33,45.8739,45.8661,-63.4689,-63.4534,52,62,126,306,,,0,,,,,,,
CFL2,3500,75,ASP,02,20,50.6786,50.6864,-110.046,-110.037,,,36,216,,,0,,,,,,,
CFN7,1968,75,GVL,05,23,51.7753,51.7769,-114.683,-114.675,,,72,252,,,0,,,,,,,
CFN7,4285,75,ASP,14,32,51.7822,51.7714,-114.679,-114.672,,,157,337,300,212,1,,,,,,,
CFP7,7349,82,ASP,12,30,52.8361,52.825,-111.113,-111.089,,,127.6,307.6,,,1,,,,,,,
CFS5,3000,75,ASP,06,24,55.7833,55.7836,-118.847,-118.832,2044,2044,88,268,,,1,,,,,,,
CFS6,5900,100,ASP,13,31,57.1491,57.1348,-115.082,-115.069,,,153,333,900,,0,,,,,,,
CFT8,3872,75,ASP,07,25,56.1609,56.1608,-113.483,-113.464,2021,2059,90.6,270.6,,,1,,,,,,,
CFT9,4300,50,ASP,12,30,59.0661,59.0569,-118.895,-118.881,1242,1225,143,323,223,223,1,,,,,,,
CFX2,3025,50,ASP,16,34,50.7394,50.7312,-113.934,-113.933,,,178,358,,,1,,,,,,,
CFX4,5577,100,ASP,07,25,56.9508,56.9508,-117.658,-117.63,1612,1577,90,270,,,1,,,,,,,
CJA3,3937,75,ASP,10,28,49.2117,49.2086,-98.0669,-98.0511,,,106.4,286.4,,,1,,,,,,,
CJA3,2300,100,GRS,17,35,49.2167,49.2106,-98.065,-98.0647,,,178.3,358.3,,,0,,,,,,,
CJB3,3000,75,ASP,14,32,49.5528,49.5458,-96.6822,-96.6761,,,150,330,,,1,,,,,,,
CJB8,3000,75,ASP,08,26,50.8334,50.8333,-108.076,-108.064,,,91,271,,,1,,,,,,,
CJC5,3340,40,GRE,02,20,49.6553,49.6624,-108.408,-108.401,,,30.3,210.3,,,0,,,,,,,
CJC5,3000,75,ASP,12,30,49.6608,49.655,-108.411,-108.402,3020,3028,134,314,,,1,,,,,,,
CJD5,3000,75,ASP,09,27,50.8785,50.876,-109.507,-109.494,,,108,288,,,1,,,,,,,
CJE3,3000,75,ASP,06,24,49.6989,49.7014,-103.806,-103.794,1922,1934,72.3,252.3,,,0,,,,,,,
CJE3,4000,75,ASP,12,30,49.701,49.6936,-103.808,-103.795,1925,1926,132.4,312.4,,,1,,,,,,,
CJJ4,3980,75,ASP,08,26,49.1508,49.1508,-100.507,-100.49,1672,1684,90,270,,,1,,,,,,,
CJJ4,2218,100,GRS,17,35,49.1572,49.1511,-100.499,-100.499,,,178,358,,,1,,,,,,,
CJJ8,3000,75,ASP,11,29,52.345,52.3406,-109.924,-109.913,,,123,303,,,1,,,,,,,
CJK4,3000,75,ASP,08,26,50.6425,50.6428,-102.112,-102.099,,,88,268,,,1,,,,,,,
CJL6,2000,80,GRS,08,26,49.0953,49.0953,-97.5433,-97.535,,,90,270,,,0,,,,,,,
CJL6,3248,75,ASP,17,35,49.0986,49.0897,-97.5339,-97.5339,,,180,360,,138,1,,,,,,,
CJM5,3625,60,ASP,07,25,49.1666,49.1668,-108.574,-108.559,,,89,269,,,1,,,,,,,
CJQ3,3150,75,ASP,10,28,49.6456,49.6424,-102.292,-102.28,2074,2070,112,292,,,1,,,,,,,
CJQ4,3100,75,ASP,05,23,49.8944,49.8969,-109.481,-109.469,,,73,253,,,1,,,,,,,
CJQ4,1565,75,GRE,17,35,49.8975,49.8931,-109.475,-109.476,,,185,5,,,0,,,,,,,
CJQ6,3700,120,GVL,03T,21T,81.4049,81.414,-76.8959,-76.8674,,,25,205,,,0,,,,,,,
CJR2,3000,75,ASP,11,29,52.0719,52.0675,-109.38,-109.368,,,122,302,,,1,,,,,,,
CJR4,3000,75,ASP,11,29,51.1464,51.1419,-108.768,-108.757,,,122,302,,,1,,,,,,,
CJR4,1950,50,GVL,16,34,51.1467,51.1414,-108.768,-108.767,,,180.4,.4,,,0,,,,,,,
CJV5,3510,75,ASP,04,22,50.2297,50.2358,-99.5164,-99.5047,,,50.8,230.8,,,1,,,,,,,
CJW5,1900,75,GRS,14,32,50.7706,50.7661,-101.296,-101.292,,,148,328,,,0,,,,,,,
CJW5,3400,75,ASP,17,35,50.7705,50.7612,-101.296,-101.294,,,174.4,354.4,,,1,,,,,,,
CJX5,2200,80,GRS,08,26,49.6297,49.63,-100.208,-100.197,,,87.5,267.5,,,0,,,,,,,
CJX5,2900,100,ASP,14,32,49.6367,49.6297,-100.203,-100.197,,,149.2,329.2,,,1,,,,,,,
CJY3,2200,160,GRS,08,26,52.835,52.835,-104.073,-104.066,,,90,270,,,0,,,,,,,
CJY3,3000,75,ASP,14,32,52.8397,52.8333,-104.071,-104.062,1516,1514,143,323,,,1,,,,,,,
CJY3,2100,200,GRS,17,35,52.8408,52.835,-104.073,-104.073,,,180,360,,,0,,,,,,,
CJZ3,3000,75,ASP,08,26,52.8667,52.8667,-104.707,-104.693,1495,1495,90,270,,,1,,,,,,,
CKB7,3510,75,ASP,13,31,51.2382,51.2307,-101.397,-101.388,,,140,320,,,1,,,,,,,
CKD5,3000,75,ASP,09,27,50.1,50.0978,-102.613,-102.6,,,105,285,,,1,,,,,,,
CKE8,1065,60,GRE,02,20,52.4428,52.445,-109.185,-109.182,,,37,217,,,0,,,,,,,
CKE8,3000,75,ASP,11,29,52.4522,52.4475,-109.189,-109.179,,,126,306,,,1,,,,,,,
CKH2,3950,100,ASP,12,30,50.4678,50.4597,-101.564,-101.553,,,139,319,,,1,,,,,,,
CKL5,3289,75,ASP,10,28,50.4586,50.4558,-100.615,-100.602,,,108,288,,,1,,,,,,,
CKQ5,3012,75,ASP,08,26,50.9942,50.9942,-107.138,-107.124,,,90,270,,,1,,,,,,,
CKQ6,3000,75,ASP,09,27,50.4997,50.4989,-99.9042,-99.8911,,,96,276,,,1,,,,,,,
CLM2,3832,50,ASP,01,19,42.0198,42.0302,-82.5257,-82.5243,576,576,3,183,1179,949,1,,,,,,,
CNA3,2100,100,COP,07,25,44.4083,44.4114,-79.7306,-79.7236,961,951,58,238,100,200,1,,,,,,,
CNC3,2500,75,COP,08,26,43.7581,43.7603,-79.8794,-79.8706,926,915,71,251,190,,1,,,,,,,
CNC3,3500,75,COP,15,33,43.7642,43.7567,-79.8778,-79.8694,935,909,141,321,,,1,,,,,,,
CNE4,2555,100,GRS,07,25,48.7389,48.7425,-80.7964,-80.7872,994,1006,59.2,239.2,,,0,,,,,,,
CNE4,3999,100,ASP,14,32,48.7428,48.7358,-80.8003,-80.7872,995,1002,129,309,,,1,,,,,,,
CNE4,2930,100,GRS,18,36,48.7464,48.7386,-80.7958,-80.7933,1002,996,168,348,,,0,,,,,,,
CNF4,2642,75,GRS,02,20,44.3597,44.3669,-78.7806,-78.7789,882,882,9,189,360,,0,,,,,,,
CNF4,3500,75,ASP,13,31,44.3664,44.3617,-78.7892,-78.7775,882,882,119,299,,,1,,,,,,,
CNK4,4000,75,ASP,17,35,45.2619,45.2517,-79.8322,-79.8264,818,831,158.1,338.1,,,1,,,,,,,
CNL3,4500,90,ASP,04,22,44.6341,44.6448,-75.7545,-75.7458,393,393,30,210,,,1,,,,,,,
CNL3,2207,75,GRS,16,34,44.6425,44.6375,-75.7511,-75.7464,398,396,146,326,,,0,,,,,,,
CNP3,3955,75,ASP,10,28,45.4089,45.4097,-76.3728,-76.3575,353,345,85.6,265.6,,,1,,,,,,,
CNP3,2500,50,GVL,16,34,45.4153,45.4094,-76.3681,-76.3628,348,349,146.3,326.3,,,0,,,,,,,
CNQ3,3500,100,ASP,05,23,42.9753,42.9828,-79.3283,-79.3197,582,585,40.1,220.1,,,1,,,,,,,
CNQ3,2570,50,ASP,16,34,42.9797,42.9744,-79.3239,-79.3178,584,579,139.6,319.6,,,0,,,,,,,
CNQ4,5502,100,ASP,08,26,42.9222,42.9275,-80.7567,-80.7436,894,878,66,246,,,1,,,,,,,
CNQ4,2258,75,TURF,14,32,42.9303,42.9256,-80.75,-80.7431,,,131,311,300,100,,,,,,,,
CNR4,3180,60,ASP,12,30,45.2347,45.2322,-81.6392,-81.6275,,,107.3,287.3,,450,1,,,,,,,
CNS7,2087,50,ASP,05,23,44.2006,44.2047,-81.6031,-81.5978,766,772,42.3,222.3,,,1,,,,,,,
CNS7,4085,75,ASP,13,31,44.2044,44.1986,-81.6133,-81.6,768,768,121,301,,,1,,,,,,,
CNY3,2450,75,GRS,01,19,44.4447,44.4517,-80.1647,-80.1633,727,713,8,188,,,0,,,,,,,
CNY3,5000,100,ASP,13,31,44.4508,44.4439,-80.1672,-80.1506,718,730,120,300,,,1,,,,,,,
CNZ8,2870,75,GVL,04,22,43.1567,43.1633,-79.6019,-79.5964,637,630,31,211,,,1,,,,,,,
CPE4,3745,45,ASP,17,35,43.4475,43.4378,-80.2344,-80.2297,,,160.5,340.5,700,565,1,,,,,,,
CPL5,3100,60,ASP,08,26,46.3153,46.3178,-83.5389,-83.5272,,,73,253,,100,1,,,,,,,
CPN4,4000,75,ASP,01,19,44.1528,44.1639,-81.0628,-81.0628,909,935,360,180,,,1,,,,,,,
CPN4,2500,50,ASP,09,27,44.1578,44.1589,-81.0675,-81.0581,920,915,80.7,260.7,330,120,0,,,,,,,
CPR7,4000,75,ASP,13,31,43.8708,43.8653,-81.3047,-81.2919,1056,1062,121,301,,,1,,,,,,,
CPT2,3500,75,ASP,06,24,45.9744,45.9806,-81.5,-81.4894,,,50,230,,,1,,,,,,,
CPU6,4270,150,ASP,09,27,44.1814,44.1839,-77.1175,-77.1017,,,77.5,257.5,390,,1,,,,,,,
CPU6,2575,150,ASP,15,33,44.1872,44.1819,-77.11,-77.1033,,,137,317,150,,0,,,,,,,
CSC3,4000,75,ASP,06,24,45.8414,45.8492,-72.4,-72.3894,365,353,43.5,223.5,,,1,,,,,,,
CSD4,4000,75,ASP,08,26,46.5671,46.5717,-75.5691,-75.5546,815,809,65.2,245.2,200,,1,,,,,,,
CSE4,3989,100,ASP,10,28,45.6397,45.6381,-74.3775,-74.3619,221,210,98.7,278.7,895,210,1,,,,,,,
CSE5,3000,75,ASP,08,26,46.9994,47.0033,-70.5211,-70.5106,,,62,242,,,1,,,,,,,
CSG3,3250,75,ASP,15,33,46.0478,46.0417,-73.5061,-73.4969,,,133.9,313.9,,,1,,,,,,,
CSG5,3100,30,ASP,02,20,46.681,46.6895,-71.1519,-71.1514,,,2.5,182.5,300,,0,,,,,,,
CSH4,3712,100,ASP,15,33,49.0339,49.0265,-77.0224,-77.0118,960,946,136.5,316.5,,,1,,,,,,,
CSJ4,3000,75,ASP,09,27,46.2489,46.2511,-72.9222,-72.9111,,,72.4,252.4,,,0,,,,,,,
CSK3,3000,75,ASP,11,29,45.7189,45.7181,-73.6039,-73.5919,,,95.7,275.7,,,1,,,,,,,
CSL3,3000,40,ASP,03,21,46.6189,46.6267,-72.6333,-72.6306,,,13.8,193.8,,,0,,,,,,,
CSL3,2000,40,ASP,16,34,46.6231,46.6186,-72.6339,-72.6292,427,427,143.9,323.9,,,0,,,,,,,
CSM3,4500,100,ASP,06,24,46.0472,46.0561,-71.2633,-71.2511,1407,1384,43.7,223.7,,,1,,,,,,,
CSQ3,3750,40,COP,05,23,45.4767,45.4853,-72.3144,-72.3064,,,33,213,365,110,1,,,,,,,
CSR3,4000,75,ASP,06,24,46.1089,46.1167,-71.9344,-71.9233,470,486,44.8,224.8,,,1,,,,,,,
CSR8,4700,100,ASP,18,36,48.9233,48.9111,-79.1814,-79.1758,1048,1045,163.3,343.3,,,1,,,,,,,
CSS3,3000,75,ASP,07,25,45.3452,45.3498,-74.0815,-74.0719,,,55.6,235.6,,,1,,,,,,,
CSU3,3800,75,COP,02,20,45.6,45.6103,-73.0147,-73.0136,,,4.3,184.3,420,,1,,,,,,,
CSY3,4000,75,ASP,03,21,45.9747,45.9856,-73.0442,-73.0406,,,13.1,193.1,,,1,,,,,,,
CTA4,4489,100,ASP,10,28,47.4493,47.4493,-79.4271,-79.4089,772,820,90,270,,,1,,,,,,,
CTG3,4000,100,ASP,09,27,48.381,48.3856,-64.5719,-64.557,63,82,65.2,245.2,,,1,,,,,,,
CTT5,3938,100,ASP,12,30,50.2599,50.2593,-60.6824,-60.6656,90,90,93.2,273.2,,,1,,,,,,,
CYAG,2600,75,ASP,03,21,48.6528,48.6586,-93.4453,-93.4392,1120,1125,34.8,214.8,,,1,,,,,,,
CYAG,4500,100,ASP,12,30,48.658,48.6508,-93.4481,-93.433,1123,1119,126,306,,,1,,,,,,,
CYAU,3937,75,ASP,07,25,44.2271,44.2335,-64.8622,-64.85,317,314,53.9,233.9,,,1,,,,,,,
CYAV,2850,75,ASP,04,22,50.0508,50.0561,-97.0356,-97.0269,758,760,46,226,,,1,,,,,,,
CYAV,3000,75,ASP,13,31,50.0614,50.0558,-97.0356,-97.0261,757,760,132,312,,,1,,,,,,,
CYAV,3000,75,ASP,18,36,50.0614,50.0535,-97.0368,-97.0389,755,758,190,10,,,1,,,,,,,
CYAX,3600,75,ASP,18,36,50.2992,50.2892,-96.0092,-96.0103,,,185,5,,,1,,,,,,,
CYAY,4000,100,ASP,10,28,51.3909,51.3929,-56.0918,-56.0745,108,88,80,260,,,1,,,,,,,
CYBB,5000,100,GVL,05T,23T,68.53,68.5389,-89.8222,-89.7939,56,25,49,229,,,1,,,,,,,
CYBC,6000,150,ASP,10,28,49.1309,49.1336,-68.2196,-68.1948,70,66,80.5,260.5,,,1,,,,,,,
CYBE,3930,100,GVL,06,24,59.56,59.5628,-108.492,-108.471,1027,1017,75,255,,,1,,,,,,,
CYBF,4433,75,ASP,07,25,54.3042,54.3039,-110.754,-110.733,,,90,270,,512,1,,,,,,,
CYBG,10000,150,CON,11,29,48.3328,48.3325,-71.0158,-70.975,519,511,90.6,270.6,,,1,,,,,,,
CYBG,6000,150,ASP,18,36,48.3375,48.3219,-70.9964,-70.9894,520,522,163.4,343.4,,,1,,,,,,,
CYBK,4200,100,GVL,16T,34T,64.3044,64.2933,-96.0819,-96.0736,59,10,162,342,,,1,,,,,,,
CYBR,6500,150,ASP,08,26,49.9071,49.9075,-99.9659,-99.9383,1343,1332,90,270,,,1,,,,,,,
CYBR,3000,60,GVL,14,32,49.9135,49.9065,-99.9489,-99.9422,1337,1331,150,330,,,0,,,,,,,
CYBW,3423,100,ASP,08,26,51.1131,51.1131,-114.38,-114.365,3935,3934,90,270,,,1,,,,,,,
CYBW,5000,98,ASP,17,35,51.1147,51.1063,-114.38,-114.38,3930,3940,181,1,,,1,,,,,,,
CYBX,4500,150,ASP,05,23,51.4366,51.4476,-57.1909,-57.1818,79,121,27.5,207.5,,,1,,,,,,,
CYCB,5000,150,GVL,13T,31T,69.1122,69.1039,-105.154,-105.123,89,61,127.4,307.4,,,1,,,,,,,
CYCC,3500,100,ASP,10,28,45.0922,45.0933,-74.57,-74.5567,171,168,83.3,263.3,,,1,,,,,,,
CYCE,5012,100,ASP,10,28,43.2831,43.2828,-81.5181,-81.4992,819,824,91,271,,,1,,,,,,,
CYCE,4400,150,ASP,16,34,43.2908,43.2803,-81.5094,-81.5014,822,824,151,331,,,1,,,,,,,
CYCG,5300,150,ASP,15,33,49.3034,49.2891,-117.635,-117.63,1615,1621,169,349,,,1,,,,,,,
CYCH,5889,150,ASP,09,27,47.0053,47.0103,-65.4604,-65.4379,108,85,72,252,,,1,,,,,,,
CYCK,5000,75,ASP,06,24,42.3014,42.3114,-82.0883,-82.0756,650,650,44,224,,,1,,,,,,,
CYCL,6000,150,ASP,12,30,47.9925,47.9883,-66.3433,-66.3194,132,114,105,285,,,1,,,,,,,
CYCN,4500,100,ASP,13,31,49.1086,49.1025,-81.0219,-81.0053,840,861,119.2,299.2,,,1,,,,,,,
CYCO,5500,100,GVL,12T,30T,67.8206,67.8128,-115.161,-115.127,39,69,121,301,,,1,,,,,,,
CYCP,5000,60,ASP,01,19,52.1108,52.1225,-119.291,-119.279,,,31.6,211.6,,,0,,,,,,,
CYCQ,4484,100,ASP,05,23,55.6853,55.6891,-121.637,-121.616,2000,2000,72,252,,,1,,,,,,,
CYCT,3000,75,ASP,11,29,52.0775,52.0725,-111.451,-111.44,,,128,308,,,1,,,,,,,
CYCW,3990,75,ASP,07,25,49.1519,49.1536,-121.947,-121.931,31,28,81.3,261.3,,,1,,,,,,,
CYCY,3500,100,GVL,02T,20T,70.4814,70.4908,-68.5211,-68.5119,87,87,18,198,,,1,,,,,,,
CYCZ,6003,100,ASP,15,33,50.34,50.3239,-115.876,-115.871,2637,2658,170,350,,820,1,,,,,,,
CYDC,3932,75,ASP,04,22,49.464,49.471,-120.518,-120.506,2298,2288,50,230,,,,,,,,,,
CYDF,8005,150,ASP,07,25,49.2053,49.2164,-57.4007,-57.3821,50,72,47.8,227.8,,,1,,,,,,,
CYDN,2000,60,GVL,02,20,51.1014,51.1062,-100.052,-100.048,989,982,29,209,,,0,,,,,,,
CYDN,2700,75,ASP,08,26,51.1067,51.1067,-100.058,-100.047,988,982,90,270,,,1,,,,,,,
CYDN,5000,150,ASP,14,32,51.1072,51.0956,-100.058,-100.047,989,998,150,330,,,1,,,,,,,
CYDO,4971,100,ASP,11,29,48.779,48.7781,-72.3852,-72.3646,367,372,93.8,273.8,,,1,,,,,,,
CYDQ,5000,150,ASP,06,24,55.7411,55.7422,-120.194,-120.169,2146,2145,85,265,,,1,,,,,,,
CYEE,3998,75,ASP,16,34,44.6878,44.6786,-79.9325,-79.9239,770,770,149.6,329.6,,,1,,,,,,,
CYEG,11000,200,ASP,02,20,53.3089,53.3342,-113.596,-113.568,2322,2337,33.9,213.9,,,1,,,,,,,
CYEG,10200,200,ASP,12,30,53.3064,53.2867,-113.595,-113.562,2325,2372,135.1,315.1,,,1,,,,,,,
CYEK,4000,100,GVL,15T,33T,61.0989,61.0895,-94.0767,-94.065,32,29,149,329,,,1,,,,,,,
CYEL,4500,100,ASP,12,30,46.3536,46.3489,-82.5697,-82.5531,1086,1086,112.2,292.2,,,1,,,,,,,
CYEM,3500,100,ASP,02,20,45.8381,45.8475,-81.8594,-81.8567,851,869,11.6,191.6,,,1,,,,,,,
CYEN,5000,100,ASP,08,26,49.2079,49.208,-102.976,-102.955,1904,1902,90,270,,,1,,,,,,,
CYEN,3000,75,ASP,15,33,49.2164,49.2088,-102.97,-102.965,,,158,338,,,1,,,,,,,
CYES,4499,75,ASP,16,34,47.4953,47.4858,-68.4878,-68.4761,,,140,320,,,1,,,,,,,
CYET,6000,100,ASP,07,25,53.579,53.5788,-116.479,-116.451,3041,3020,91,271,594,484,1,,,,,,,
CYEU,4836,150,GVL,10T,28T,79.9963,79.9931,-85.8499,-85.7768,,,104,284,,,1,,,,,,,
CYEV,6000,150,ASP,06,24,68.3032,68.3044,-133.505,-133.461,197,224,85.8,265.8,,,1,,,,,,,
CYFB,8605,200,ASP,17,35,63.765,63.7478,-68.574,-68.5377,110,71,136.9,316.9,,,1,,,,,,,
CYFC,8005,200,ASP,09,27,45.863,45.8703,-66.5523,-66.5225,64,57,70.7,250.7,,,1,,,,,,,
CYFC,6000,200,ASP,15,33,45.8744,45.8636,-66.5394,-66.5217,53,57,131.1,311.1,,,1,,,,,,,
CYFD,5000,100,ASP,05,23,43.1239,43.1339,-80.3467,-80.3336,807,809,43.7,223.7,,,1,,,,,,,
CYFD,2600,100,ASP,11,29,43.1308,43.1297,-80.3492,-80.3394,808,813,98.6,278.6,,,1,,,,,,,
CYFD,2600,100,ASP,17,35,43.1308,43.1239,-80.3492,-80.3467,808,807,164.6,344.6,,,1,,,,,,,
CYFE,5000,100,ASP,09,27,48.7438,48.7484,-69.107,-69.0875,,,70.4,250.4,,,1,,,,,,,
CYFJ,5587,100,ASP,03,21,46.4019,46.417,-74.7818,-74.7777,814,827,11,191,,,1,,,,,,,
CYFO,5000,150,ASP,18,36,54.6848,54.6713,-101.68,-101.684,997,972,189,9,,,1,,,,,,,
CYFR,4000,100,GVL,12,30,61.185,61.1767,-113.697,-113.682,524,525,139,319,,655,1,,,,,,,
CYFS,6000,150,ASP,14,32,61.7678,61.7528,-121.244,-121.23,544,550,156,336,,,1,,,,,,,
CYGB,3000,75,ASP,14,32,49.6975,49.69,-124.52,-124.515,,,158,338,,,0,,,,,,,
CYGD,1870,80,GRS,05,23,43.764,43.7686,-81.7133,-81.7097,702,699,30,210,,,0,,,,,,,
CYGD,3000,50,ASP,10,28,43.7642,43.7639,-81.7117,-81.7003,702,712,91.9,271.9,,,1,,,,,,,
CYGD,5000,100,ASP,14,32,43.7711,43.7639,-81.7164,-81.7003,686,709,122,302,,,1,,,,,,,
CYGE,4500,75,ASP,14,32,51.3042,51.2925,-116.985,-116.978,2575,2575,161,341,,,0,,,,,,,
CYGH,3000,98,GVL,06,24,66.2408,66.2408,-128.661,-128.641,251,265,90,270,,,1,,,,,,,
CYGK,5000,100,ASP,01,19,44.2183,44.2319,-76.6008,-76.6022,301,297,355.8,175.8,365,,1,,,,,,,
CYGK,3933,100,ASP,07,25,44.2186,44.225,-76.6014,-76.5892,301,297,54,234,,,1,,,,,,,
CYGL,6500,150,ASP,13,31,53.6288,53.6219,-77.7179,-77.6904,595,639,113,293,,,1,,,,,,,
CYGM,6800,150,ASP,15,33,50.6361,50.6197,-97.0494,-97.0347,753,743,150.3,330.3,,,1,,,,,,,
CYGP,4500,150,ASP,11,29,48.7746,48.7759,-64.4879,-64.4693,108,88,84,264,,,1,,,,,,,
CYGQ,5000,100,ASP,08,26,49.7764,49.7806,-86.9494,-86.9292,1140,1139,72.4,252.4,,,1,,,,,,,
CYGR,4500,150,ASP,07,25,47.4206,47.4281,-61.7879,-61.7735,22,12,53,233,,,1,,,,,,,
CYGR,3600,150,ASP,16,34,47.4294,47.4219,-61.7858,-61.7761,9,35,138.7,318.7,,,1,,,,,,,
CYGV,4500,100,ASP,09,27,50.2792,50.2847,-63.62,-63.6028,109,124,63,243,,,1,,,,,,,
CYHB,5000,100,ASP,05,23,52.8139,52.8194,-102.322,-102.301,1106,1159,66,246,,,1,,,,,,,
CYHB,2000,75,ASP,10,28,52.8167,52.8147,-102.312,-102.303,,,110,290,,,1,,,,,,,
CYHD,2000,75,SAN,05,23,49.8272,49.8303,-92.7419,-92.735,1351,1351,55.8,235.8,,,0,,,,,,,
CYHD,6000,150,ASP,11,29,49.835,49.8283,-92.7556,-92.7319,1354,1352,113.6,293.6,,200,1,,,,,,,
CYHF,4500,100,ASP,04,22,49.7089,49.7192,-83.6911,-83.6808,825,819,32.9,212.9,,,1,,,,,,,
CYHI,4300,100,GVL,06T,24T,70.7603,70.7658,-117.822,-117.79,105,110,62,242,,,1,,,,,,,
CYHK,4400,100,GVL,13T,31T,68.6392,68.6319,-95.8628,-95.8367,154,128,127,307,,,1,,,,,,,
CYHM,6000,150,ASP,06,24,43.1667,43.1776,-79.9347,-79.9178,771,755,48.7,228.7,,,1,,,,,,,
CYHM,10000,200,ASP,12,30,43.1806,43.1722,-79.9531,-79.9175,776,767,108,288,1600,400,1,,,,,,,
CYHN,3500,75,ASP,07,25,49.1906,49.1956,-84.7653,-84.7525,1099,1087,59.1,239.1,,,1,,,,,,,
CYHR,4500,150,ASP,08,26,50.4654,50.4725,-59.6446,-59.6288,31,39,55,235,,,1,,,,,,,
CYHU,7840,150,ASP,06L,24R,45.5097,45.5244,-73.4286,-73.4061,86,87,47,227,1100,,1,,,,,,,
CYHU,3920,100,ASP,06R,24L,45.5114,45.5186,-73.4147,-73.4036,84,88,47.1,227.2,,,1,,,,,,,
CYHU,2800,150,ASP,10,28,45.5108,45.5117,-73.4261,-73.4153,87,84,83.7,263.8,,,1,,,,,,,
CYHY,4001,150,COM,05,23,60.8394,60.8439,-115.789,-115.769,536,531,66,246,,,1,,,,,,,
CYHY,6000,150,ASP,14,32,60.8472,60.8319,-115.796,-115.783,532,542,154.3,334.3,,,1,,,,,,,
CYHZ,105000,200,ASP,05,23,44.8686,44.8883,-63.525,-63.5056,449,443,35,215,,361,1,,,,,,,
CYHZ,7700,200,ASP,14,32,44.8936,44.8811,-63.5183,-63.4942,435,476,126,306,,,1,,,,,,,
CYID,3950,75,ASP,06,24,44.5419,44.5499,-65.7909,-65.7806,460,499,42.7,222.7,,,1,,,,,,,
CYIF,4590,100,ASP,02,20,51.2054,51.2179,-58.6571,-58.6596,19,13,352.9,172.9,,,1,,,,,,,
CYIK,3521,100,GVL,08,26,62.4142,62.4202,-77.9333,-77.9172,103,123,51,231,,,1,,,,,,,
CYIO,4000,100,GVL,02T,20T,72.6783,72.6884,-77.9738,-77.9595,181,170,23,203,,,1,,,,,,,
CYJM,4000,75,ASP,10,28,54.4003,54.3942,-124.271,-124.255,,,124,304,,,0,,,,,,,
CYJT,3900,150,PEM,02,20,48.5339,48.5442,-58.5525,-58.5537,19,36,355.5,175.5,,,0,,,,,,,
CYJT,10000,200,ASP,09,27,48.5403,48.5489,-58.5694,-58.5303,15,84,71.7,251.7,,,1,,,,,,,
CYKA,2074,50,ASP,04,22,50.6992,50.7019,-120.443,-120.435,1129,1129,61,241,,,0,,,,,,,
CYKA,6000,148,ASP,08,26,50.7039,50.7003,-120.456,-120.431,1130,1133,103,283,,,1,,,,,,,
CYKF,7002,150,ASP,08,26,43.4569,43.4653,-80.3906,-80.3668,1024,1054,64.1,244.1,,,1,,,,,,,
CYKF,4100,148,ASP,14,32,43.4625,43.4556,-80.3925,-80.3806,1027,1025,129,309,,,1,,,,,,,
CYKL,5000,150,ASP,18,36,54.8106,54.7989,-66.8108,-66.7986,1688,1698,149,329,,,1,,,,,,,
CYKO,3510,100,GVL,08,26,60.8164,60.8208,-78.1575,-78.1397,41,75,62.9,242.9,,,1,,,,,,,
CYKX,4500,100,ASP,08,26,48.2082,48.2123,-79.99,-79.9725,1157,1136,71,251,,,1,,,,,,,
CYKY,3507,75,ASP,07,25,51.5183,51.5183,-109.188,-109.173,2277,2277,89.8,269.8,,,1,,,,,,,
CYKY,2281,100,GRS,17,35,51.5182,51.512,-109.18,-109.18,,,179.9,359.9,,,0,,,,,,,
CYKZ,2694,80,ASP,03,21,43.8575,43.8644,-79.3708,-79.3672,624,649,21,201,,,1,,,,,,,
CYKZ,3897,100,ASP,15,33,43.8644,43.8556,-79.3733,-79.3639,640,638,142,322,,,1,,,,,,,
CYLB,5700,100,ASP,11,29,54.7753,54.7653,-112.042,-112.021,1884,1884,129,309,,,1,,,,,,,
CYLD,3000,75,ASP,05,23,47.8169,47.8233,-83.3567,-83.3489,1460,1447,39.3,219.3,,,1,,,,,,,
CYLD,5000,100,ASP,10,28,47.8219,47.8214,-83.3569,-83.3367,1470,1421,92.3,272.3,,,1,,,,,,,
CYLJ,5000,100,ASP,09,27,54.1249,54.1225,-108.534,-108.511,1576,1576,100,280,,,1,,,,,,,
CYLJ,2290,75,ASP,17,35,54.1303,54.124,-108.516,-108.515,,,179,359,,,1,,,,,,,
CYLL,5577,150,ASP,08,26,53.3092,53.3092,-110.085,-110.06,2193,2158,90,270,,,1,,,,,,,
CYLL,1500,100,GRS,11,29,53.3113,53.3092,-110.091,-110.085,2187,,122,302,,,0,,,,,,,
CYLQ,5000,150,ASP,01,19,47.4028,47.4164,-72.7875,-72.79,,,352.9,172.9,,,1,,,,,,,
CYLR,3000,75,ASP,18,36,56.5178,56.5094,-99.9847,-99.9856,,,183,3,,,1,,,,,,,
CYLT,5500,150,GVL,05T,23T,82.5128,82.5228,-62.3233,-62.2378,100,96,48,228,,,1,,,,,,,
CYLW,8900,200,ASP,16,34,49.9661,49.9462,-119.379,-119.376,1421,1370,175,355,1200,400,1,,,,,,,
CYME,5500,150,ASP,09,27,48.8539,48.8587,-67.4624,-67.4408,89,102,71.3,251.3,,,1,,,,,,,
CYMG,3600,100,ASP,05,23,49.0803,49.0875,-85.8656,-85.8556,1171,1198,42,222,,,1,,,,,,,
CYMJ,3400,100,ASP,03,21,50.3261,50.3328,-105.558,-105.548,1891,1873,44,224,,,1,,,,,,,
CYMJ,8326,150,ASP,11L,29R,50.3379,50.327,-105.575,-105.543,1882,1880,118.5,298.5,,,1,,,,,,,
CYMJ,7280,150,ASP,11R,29L,50.3311,50.3217,-105.574,-105.546,1891,1892,118,298,,,1,,,,,,,
CYML,4500,150,ASP,15,33,47.6011,47.5939,-70.2311,-70.2167,977,951,127,307,,,1,,,,,,,
CYMM,7503,150,ASP,07,25,56.6532,56.6532,-111.242,-111.207,1205,1207,90,270,,500,1,,,,,,,
CYMO,4000,100,ASP,06,24,51.2881,51.2961,-80.6089,-80.5969,26,25,43,223,,,1,,,,,,,
CYMO,3500,100,COM,14,32,51.295,51.2892,-80.6197,-80.6075,30,26,127,307,,,1,,,,,,,
CYMT,6496,150,ASP,05,23,49.764,49.7797,-74.5345,-74.5215,1262,1270,28.3,208.3,,,1,,,,,,,
CYMW,4920,150,ASP,03,21,46.268,46.2809,-75.9928,-75.9872,613,656,17,197,,,1,,,,,,,
CYMX,12000,200,CON,06,24,45.6711,45.6942,-74.0217,-73.9883,256,238,45.4,225.4,,,1,,,,,,,
CYMX,8852,200,CON,11,29,45.6708,45.6661,-74.09,-74.0436,247,270,98.2,278.2,,,,,,,,,,
CYMY,4000,100,ASP,10,28,50.7186,50.7167,-93.3919,-93.375,1269,1269,100,280,,,1,,,,,,,
CYNA,4494,100,ASP,14,32,50.1928,50.1869,-61.7978,-61.7806,35,39,118,298,,,1,,,,,,,
CYNH,5200,100,ASP,05,23,56.0336,56.0375,-121.988,-121.964,,,74.1,254.1,200,200,0,,,,,,,
CYNM,5000,100,ASP,15,33,49.7665,49.7569,-77.8101,-77.7949,908,918,134.2,314.2,,,1,,,,,,,
CYOD,8270,200,ASP,04,22,54.3967,54.4106,-110.285,-110.255,1772,1767,52,232,,,1,,,,,,,
CYOD,12600,200,ASP,13L,31R,54.4189,54.3911,-110.305,-110.27,1772,1775,143,323,,,1,,,,,,,
CYOD,10000,150,ASP,13R,31L,54.4167,54.3944,-110.311,-110.282,1771,1773,143,323,,,1,,,,,,,
CYOJ,5000,150,ASP,13,31,58.6275,58.6153,-117.171,-117.159,1109,1098,154,334,,,1,,,,,,,
CYOP,4539,100,ASP,09,27,58.4935,58.4892,-119.419,-119.397,1759,1759,110,290,,,1,,,,,,,
CYPA,5000,150,ASP,08,26,53.2172,53.2169,-105.683,-105.66,1405,1401,91,271,,,1,,,,,,,
CYPA,2500,100,GRS,16,34,53.2164,53.2097,-105.672,-105.67,1402,1396,169.9,349.9,,,0,,,,,,,
CYPC,4000,100,GVL,02T,20T,69.356,69.3662,-124.064,-124.053,13,17,20,200,,,1,,,,,,,
CYPD,5000,150,ASP,11,29,45.6565,45.6565,-61.3781,-61.3586,334,375,90,270,,,1,,,,,,,
CYPE,5000,150,ASP,04,22,56.2233,56.23,-117.458,-117.436,1873,1861,61.4,241.4,,,1,,,,,,,
CYPE,1900,150,GRS,08,26,56.2275,56.2264,-117.443,-117.434,,,102.3,282.3,,,0,,,,,,,
CYPL,4921,100,ASP,09,27,51.4465,51.4465,-90.2249,-90.2033,1267,1227,90,270,,,1,,,,,,,
CYPN,4886,150,ASP,11,29,49.8364,49.8364,-64.2989,-64.2783,158,158,90,270,,,1,,,,,,,
CYPS,3917,100,ASP,06,24,50.3018,50.3032,-122.746,-122.729,,,83,263,,,0,,,,,,,
CYPX,5013,100,GVL,01,19,60.0439,60.0569,-77.2831,-77.2908,53,74,343,163,,,1,,,,,,,
CYPY,5000,150,ASP,03,21,58.7628,58.7714,-111.128,-111.107,705,758,51,231,,,1,,,,,,,
CYQD,5901,150,ASP,13,31,53.9769,53.9658,-101.101,-101.081,887,876,133,313,,,1,,,,,,,
CYQF,3449,100,ASP,11,29,52.1822,52.1761,-113.9,-113.888,2968,2951,130,310,,,1,,,,,,,
CYQF,5528,98,ASP,16,34,52.1936,52.1783,-113.893,-113.893,2948,2959,180,360,,,1,,,,,,,
CYQK,5800,150,ASP,08,26,49.7866,49.7901,-94.3751,-94.3513,1325,1332,77,257,,,1,,,,,,,
CYQL,6500,200,ASP,05,23,49.6236,49.6297,-112.815,-112.79,3047,3014,69.7,249.7,,,1,,,,,,,
CYQL,5500,150,ASP,12,30,49.6364,49.625,-112.799,-112.784,3003,3016,140,320,,,1,,,,,,,
CYQM,6150,200,ASP,06,24,46.1056,46.1178,-64.695,-64.6783,225,196,43.5,223.5,,,1,,,,,,,
CYQM,8000,200,ASP,11,29,46.1067,46.1072,-64.695,-64.6633,222,219,88.5,268.5,,,1,,,,,,,
CYQN,3500,100,ASP,09,27,50.1822,50.1831,-86.7036,-86.6889,1057,1057,85,265,,,1,,,,,,,
CYQR,6200,150,ASP,08,26,50.4281,50.4283,-104.68,-104.654,1893,1894,89,269,,,1,,,,,,,
CYQR,7900,150,ASP,13,31,50.4392,50.4233,-104.671,-104.648,1894,1894,138,318,,,1,,,,,,,
CYQU,6200,200,ASP,07,25,55.1844,55.1844,-118.9,-118.87,2194,2192,89.4,269.4,,,1,,,,,,,
CYQU,6500,200,ASP,12,30,55.1861,55.1736,-118.898,-118.876,2195,2188,134.6,314.6,,,1,,,,,,,
CYQV,4800,150,ASP,03,21,51.2606,51.27,-102.469,-102.455,1635,1597,44,224,,,1,,,,,,,
CYQV,3000,100,COM,12,30,51.265,51.2592,-102.462,-102.452,1608,1611,135,315,,,1,,,,,,,
CYQW,2565,50,ASP,06,24,52.7664,52.7679,-108.253,-108.242,1780,1791,78,258,,,0,,,,,,,
CYQW,5000,150,ASP,12,30,52.7744,52.7639,-108.25,-108.235,1787,1799,139,319,,,1,,,,,,,
CYQX,10200,200,ASP,03,21,48.9208,48.9484,-54.5683,-54.5602,424,454,11,191,,,1,,,,,,,
CYQX,8900,200,ASP,13,31,48.9533,48.9461,-54.5864,-54.5511,470,441,107.3,287.3,,,1,,,,,,,
CYQY,6000,150,ASP,01,19,46.1525,46.1689,-60.0358,-60.0422,188,191,344.9,164.9,,,1,,,,,,,
CYQY,7070,200,ASP,07,25,46.1538,46.1672,-60.0612,-60.0411,194,194,46,226,,,1,,,,,,,
CYQZ,5500,200,ASP,13,31,53.0326,53.0196,-122.517,-122.504,1789,1783,150,330,,,1,,,,,,,
CYRB,6500,200,GVL,17T,35T,74.7255,74.7083,-94.9771,-94.9616,215,177,167,347,,,1,,,,,,,
CYRC,3734,150,ASP,06,24,48.5194,48.5272,-71.0622,-71.0522,532,541,40.4,220.4,,,0,,,,,,,
CYRC,6087,150,ASP,12,30,48.5194,48.515,-71.0622,-71.0381,531,543,105.5,285.5,,,1,,,,,,,
CYRC,3769,150,ASP,18,36,48.5272,48.5175,-71.0522,-71.0472,541,538,161.2,341.2,,,1,,,,,,,
CYRJ,5000,150,ASP,16,34,48.5256,48.5144,-72.2719,-72.2592,586,560,142.6,322.6,,,1,,,,,,,
CYRL,5000,150,ASP,08,26,51.0658,51.0681,-93.8039,-93.7822,1236,1265,80.7,260.7,,,1,,,,,,,
CYRM,5500,100,ASP,13,31,52.436,52.4235,-114.911,-114.897,3227,3234,146,326,,,1,,,,,,,
CYRT,6000,150,ASP,13T,31T,62.8166,62.8062,-92.1298,-92.1019,85,94,129,309,,,1,,,,,,,
CYRV,4800,75,ASP,12,30,50.9715,50.9618,-118.19,-118.176,1457,1459,138,318,,300,0,,,,,,,
CYSA,5000,100,ASP,05,23,43.4106,43.4208,-80.94,-80.9275,1208,1208,42,222,,1030,1,,,,,,,
CYSA,2829,50,ASP,17,35,43.4192,43.4117,-80.9411,-80.9378,1206,1211,162,342,,,1,,,,,,,
CYSM,1800,100,COM,02,20,60.0217,60.0254,-111.961,-111.955,671,667,41,221,,,1,,,,,,,
CYSM,6000,200,ASP,11,29,60.0275,60.0167,-111.973,-111.948,666,671,131,311,,,1,,,,,,,
CYSP,3933,100,ASP,16,34,48.76,48.7506,-86.3481,-86.3408,1035,1035,153.2,333.2,,200,1,,,,,,,
CYSW,4000,75,ASP,17,35,49.8388,49.8279,-114.883,-114.884,,,185,5,,,0,,,,,,,
CYSY,4000,100,GVL,08T,26T,71.9933,71.9944,-125.26,-125.225,281,281,84,264,,,1,,,,,,,
CYSZ,3977,90,ASP,14,32,49.1228,49.1172,-66.5364,-66.5219,41,71,120,300,,295,1,,,,,,,
CYTE,4000,100,GVL,13T,31T,64.2333,64.2267,-76.5367,-76.5167,153,139,127,307,,,1,,,,,,,
CYTF,4300,100,ASP,13,31,48.5111,48.5064,-71.65,-71.6339,429,445,113.8,293.8,,,1,,,,,,,
CYTH,5800,150,ASP,05,23,55.7964,55.8041,-97.8747,-97.8501,716,716,61,241,,,1,,,,,,,
CYTH,2500,100,GVL,14,32,55.8061,55.8003,-97.8594,-97.8536,729,702,151,331,,,1,,,,,,,
CYTN,5000,145,ASP,07,25,45.6071,45.6166,-62.6281,-62.6141,312,251,46,226,,,1,,,,,,,
CYTN,2200,60,ASP,10,28,45.61,45.6109,-62.6276,-62.6191,315,306,81.8,261.8,,,0,,,,,,,
CYUB,5000,150,GVL,09,27,69.4372,69.4294,-133.042,-133.01,9,14,124,304,200,200,1,,,,,,,
CYUL,11000,200,ASP,06L,24R,45.4611,45.4833,-73.7658,-73.7367,96,106,42.7,222.7,,,1,,,,,,,
CYUL,9600,200,ASP,06R,24L,45.4567,45.4767,-73.7417,-73.7167,98,117,41.3,221.3,,,1,,,,,,,
CYUL,7000,200,ASP,10,28,45.4625,45.4633,-73.765,-73.7383,96,99,87.5,267.5,,,1,,,,,,,
CYUT,3400,100,GVL,16T,34T,66.5258,66.517,-86.2285,-86.2209,79,42,161,341,,,1,,,,,,,
CYUX,5420,150,GVL,12T,30T,68.7803,68.772,-81.2606,-81.2267,27,18,124,304,,200,1,,,,,,,
CYVB,5985,150,ASP,13,31,48.0745,48.0676,-65.4713,-65.4491,123,98,115,295,,,1,,,,,,,
CYVC,2350,50,GVL,10,28,55.1509,55.1485,-105.274,-105.263,1239,1220,112,292,,,0,,,,,,,
CYVC,5000,150,ASP,18,36,55.1581,55.1446,-105.26,-105.264,1242,1222,189.1,9.1,,,1,,,,,,,
CYVG,3300,75,ASP,10,28,53.3581,53.3539,-110.83,-110.817,2019,2020,119,299,,1100,1,,,,,,,
CYVK,3360,75,ASP,05,23,50.2465,50.2496,-119.337,-119.324,,,71,251,,460,1,,,,,,,
CYVM,3800,100,GVL,03T,21T,67.5419,67.5505,-64.0381,-64.0234,21,21,33,213,,,1,,,,,,,
CYVP,6000,150,ASP,07,25,58.0844,58.0964,-68.4381,-68.4167,73,106,43,223,,,1,,,,,,,
CYVP,5000,150,GVL,13,31,58.105,58.1019,-68.4319,-68.4067,129,61,103,283,,,1,,,,,,,
CYVQ,5997,150,ASP,09,27,65.2856,65.2777,-126.815,-126.781,238,235,118.7,298.7,,,1,,,,,,,
CYVT,2297,75,ASP,06,24,55.8414,55.8425,-108.439,-108.427,,,82,262,,,1,,,,,,,
CYVT,5006,100,ASP,11,29,55.8431,55.8347,-108.432,-108.413,1444,1444,129,309,,,1,,,,,,,
CYWA,3800,75,GRS,17,35,45.9564,45.9475,-77.3231,-77.315,,,148,328,,,0,,,,,,,
CYWG,8700,200,ASP,13,31,49.9128,49.8953,-97.2522,-97.2272,783,773,137.3,317.3,,,1,,,,,,,
CYWG,11000,200,ASP,18,36,49.9253,49.8956,-97.2342,-97.2417,781,777,189.3,9.3,,,1,,,,,,,
CYWK,6002,150,ASP,18,36,52.915,52.8999,-66.8602,-66.8496,1794,1808,157,337,,,1,,,,,,,
CYWL,7000,150,ASP,11,29,52.1892,52.1758,-122.064,-122.043,3082,3074,135,315,,,1,,,,,,,
CYWM,4000,100,ASP,16,34,54.7486,54.7378,-113.204,-113.204,1966,1971,181,1,,,1,,,,,,,
CYWV,3000,75,ASP,12,30,52.7989,52.7928,-110.862,-110.853,,,139,319,,,1,,,,,,,
CYWY,3500,100,GVL,11,29,63.2126,63.2063,-123.445,-123.429,474,489,131.4,311.4,495,,1,,,,,,,
CYXC,6000,150,ASP,16,34,49.6197,49.6033,-115.783,-115.782,3034,3082,178.1,358.1,,,1,,,,,,,
CYXD,5870,200,ASP,12,30,53.5778,53.5656,-113.528,-113.51,2200,2182,138.2,318.2,800,1183,1,,,,,,,
CYXE,8300,200,ASP,09,27,52.1785,52.1742,-106.718,-106.682,1653,1642,101,281,,,1,,,,,,,
CYXE,6200,150,ASP,15,33,52.1792,52.1625,-106.705,-106.698,1645,1646,165.1,345.1,,,1,,,,,,,
CYXH,5000,150,ASP,03,21,50.014,50.0238,-110.728,-110.713,2349,2349,44.6,224.6,,,1,,,,,,,
CYXH,2820,100,ASP,09,27,50.0169,50.0147,-110.725,-110.713,2349,2350,106.8,286.8,,,1,,,,,,,
CYXJ,6700,200,ASP,02,20,56.232,56.245,-120.75,-120.727,2211,2279,45,225,,191,1,,,,,,,
CYXJ,6900,150,ASP,11,29,56.245,56.2317,-120.753,-120.73,2250,2244,135.7,315.7,,,1,,,,,,,
CYXK,4600,150,ASP,07,25,48.4739,48.4822,-68.5039,-68.4897,75,71,48.5,228.5,,,1,,,,,,,
CYXL,5300,100,ASP,16,34,50.1206,50.1073,-91.9107,-91.9016,1231,1258,156.2,336.2,300,,1,,,,,,,
CYXP,2920,100,GVL,06T,24T,66.1431,66.1469,-65.7223,-65.705,65,64,62,242,,,1,,,,,,,
CYXR,5998,150,ASP,08,26,47.6939,47.7013,-79.858,-79.8362,793,796,63.3,243.3,,,1,,,,,,,
CYXR,3019,150,GVL,16,34,47.6958,47.6889,-79.8611,-79.855,797,772,149.3,329.3,,300,1,,,,,,,
CYXS,3769,75,ASP,01,19,53.8859,53.8947,-122.678,-122.669,2235,2227,31,211,984,373,,,,,,,,
CYXS,5628,150,ASP,06,24,53.8857,53.8887,-122.693,-122.668,2267,2219,79,259,,407,1,,,,,,,
CYXS,11450,150,ASP,15,33,53.9003,53.8803,-122.671,-122.664,2232,2199,170,350,,500,1,,,,,,,
CYXU,6300,200,ASP,09,27,43.0381,43.0417,-81.1639,-81.1408,907,901,77.9,257.9,,,1,,,,,,,
CYXU,8800,200,ASP,15,33,43.0421,43.024,-81.1598,-81.1381,912,905,139,319,,,1,,,,,,,
CYXZ,4429,100,ASP,03,21,47.9611,47.9722,-84.7903,-84.7831,942,942,23.6,203.6,,689,1,,,,,,,
CYYC,6200,150,ASP,07,25,51.1042,51.1042,-114.03,-114.003,3531,3557,90,270,,,1,,,,,,,
CYYC,8000,200,ASP,10,28,51.1264,51.1156,-114.037,-114.006,3547,3542,119.5,299.5,,,1,,,,,,,
CYYC,12675,200,ASP,16,34,51.1314,51.0966,-114.021,-114.021,3556,3543,180,360,,,1,,,,,,,
CYYE,6400,200,ASP,03,21,58.8308,58.8403,-122.616,-122.588,1253,1247,57,237,,,1,,,,,,,
CYYE,4068,77,ASP,07,25,58.8383,58.8356,-122.599,-122.578,1250,1226,105,285,,,0,,,,,,,
CYYG,7000,150,ASP,03,21,46.2797,46.2986,-63.1275,-63.1231,155,160,9.3,189.3,,,1,,,,,,,
CYYG,5000,200,ASP,10,28,46.2939,46.2965,-63.129,-63.1095,158,159,78.9,258.9,,,1,,,,,,,
CYYH,4020,100,GVL,15T,33T,69.551,69.5413,-93.5835,-93.5687,92,57,152,332,,,1,,,,,,,
CYYL,2520,80,GVL,08,26,56.861,56.8613,-101.082,-101.07,1170,1162,87,267,,,0,,,,,,,
CYYL,5000,150,ASP,17,35,56.8706,56.8569,-101.07,-101.07,1154,1161,180,360,,,1,,,,,,,
CYYN,2500,50,ASP,04,22,50.2889,50.2933,-107.699,-107.691,2680,2661,49.3,229.3,,,1,,,,,,,
CYYN,4250,150,ASP,12,30,50.2967,50.2883,-107.696,-107.683,2650,2667,136,316,,,1,,,,,,,
CYYO,3000,75,ASP,09,27,51.8097,51.8081,-104.176,-104.162,,,102,282,,,1,,,,,,,
CYYQ,4000,100,GVL,07,25,58.7517,58.7552,-94.0711,-94.0512,91,85,72,252,,,1,,,,,,,
CYYQ,9200,160,ASP,15,33,58.7457,58.7233,-94.0777,-94.0554,94,63,152.6,332.6,,,1,,,,,,,
CYYR,11046,209,ASP,08,26,53.3039,53.3214,-60.4481,-60.4067,160,153,54.8,234.8,,,1,,,,,,,
CYYR,9580,200,ASP,16,34,53.3339,53.3161,-60.4364,-60.4044,154,149,132.9,312.9,,,1,,,,,,,
CYYT,5028,100,ASP,02,20,47.6117,47.6254,-52.7381,-52.7395,445,440,356.2,176.2,,,1,,,,,,,
CYYT,8502,200,ASP,11,29,47.6233,47.625,-52.7733,-52.7389,458,437,85.9,265.9,,,1,,,,,,,
CYYT,7005,200,ASP,16,34,47.6258,47.6106,-52.7514,-52.7339,444,431,142.2,322.2,,,1,,,,,,,
CYYU,3590,75,ASP,10,28,49.4144,49.4144,-82.4753,-82.4594,743,743,90,270,200,,,,,,,,,
CYYU,5500,100,ASP,17,35,49.4208,49.4069,-82.4722,-82.4628,735,730,156.1,336.1,,,1,,,,,,,
CYYW,4000,100,ASP,12,30,50.2991,50.2942,-88.925,-88.9097,1048,1056,117,297,,,1,,,,,,,
CYYW,2940,100,ASP,18,36,50.2942,50.2861,-88.9097,-88.9094,1056,1058,178.7,358.7,,,0,,,,,,,
CYYY,6000,150,ASP,06,24,48.6036,48.6164,-68.2164,-68.2008,142,125,39,219,500,,1,,,,,,,
CYYY,3934,150,ASP,15,33,48.6082,48.6008,-68.2158,-68.2039,131,172,133,313,,230,1,,,,,,,
CYZD,7003,200,ASP,15,33,43.7497,43.7353,-79.4742,-79.4569,649,636,139.2,319.2,,,1,,,,,,,
CYZE,4900,100,ASP,11,29,45.8861,45.8844,-82.5772,-82.5583,603,613,97.2,277.2,,,1,,,,,,,
CYZF,5000,150,ASP,10,28,62.4713,62.4653,-114.453,-114.427,672,675,116,294,,,1,,,,,,,
CYZF,7500,150,ASP,16,34,62.4732,62.4528,-114.444,-114.441,674,658,176,356,,,1,,,,,,,
CYZH,5561,100,ASP,10,28,55.2965,55.2901,-114.79,-114.766,1904,1912,114.7,294.7,,557,1,,,,,,,
CYZS,5000,100,GVL,16T,34T,64.1995,64.1871,-83.3661,-83.3528,210,184,155,335,,,1,,,,,,,
CYZU,5800,100,ASP,11,29,54.1484,54.1393,-115.798,-115.776,2557,2556,125,305,,,1,,,,,,,
CYZV,6552,150,ASP,09,27,50.2172,50.2236,-66.2792,-66.2525,164,174,69.5,249.5,,,1,,,,,,,
CYZV,5771,200,ASP,13,31,50.2297,50.2242,-66.2769,-66.2525,170,174,109.5,289.5,,,1,,,,,,,
CYZX,8000,200,ASP,08,26,44.9811,44.9907,-64.9325,-64.9047,85,86,64,244,,,1,,,,,,,
CYZX,8000,200,ASP,12,30,44.9836,44.9772,-64.9314,-64.9017,81,92,107,287,,,1,,,,,,,
CYZY,5000,100,ASP,16,34,55.3111,55.2975,-123.131,-123.133,,,186,6,,,1,,,,,,,
CZAM,4260,75,ASP,14,32,50.6882,50.6774,-119.232,-119.225,1731,1751,158,338,,,1,,,,,,,
CZBA,2145,100,Turf,09,27,43.4408,43.4419,-79.8544,-79.8461,590,591,80,260,475,172,,,,,,,,
CZBA,3763,75,Asphalt/Turf,14,32,43.445,43.4384,-79.8547,-79.8442,601,592,131,311,90,324,1,,,,,,,
CZBF,4500,100,ASP,10,28,47.6288,47.6305,-65.748,-65.7299,193,178,82,262,,,1,,,,,,,
CZBM,5000,100,ASP,05L,23R,45.2855,45.2964,-72.7479,-72.7361,345,375,37.4,217.4,,,1,,,,,,,
CZBM,3200,320,GRS,05R,23L,45.2872,45.2944,-72.7439,-72.7369,,,34.2,214.2,,,0,,,,,,,
CZFA,4000,100,GVL,09,27,62.2097,62.2053,-133.387,-133.365,2351,2334,113.7,293.7,,,1,,,,,,,
CZFM,3500,100,GVL,11,29,67.4114,67.4042,-134.868,-134.852,111,110,140,320,,,1,,,,,,,
CZGF,4300,100,ASP,07,25,49.0153,49.0153,-118.439,-118.421,1720,1720,90,270,,,1,,,,,,,
CZHP,3933,75,ASP,07,25,55.3935,55.3937,-116.485,-116.466,1974,1972,88.5,268.5,,,1,,,,,,,
CZJN,3933,100,ASP,02,20,52.1158,52.1254,-101.24,-101.232,,,27,207,,,1,,,,,,,
CZJN,1950,75,GRS,08,26,52.1161,52.1165,-101.24,-101.232,,,85,265,,,0,,,,,,,
CZML,5293,75,ASP,15,33,51.743,51.7303,-121.337,-121.33,3125,3094,165,345,415,,1,,,,,,,
CZNL,3100,75,ASP,04,22,49.4919,49.4961,-117.306,-117.295,,,61,241,,200,0,,,,,,,
CZUC,3512,75,ASP,05,23,49.4264,49.4328,-91.7236,-91.7122,,,49.3,229.3,,,1,,,,,,,
CZUM,5500,150,ASP,13,31,53.5645,53.5607,-64.1182,-64.0937,1436,1429,104.5,284.5,,,1,,,,,,,
CZVL,3500,100,ASP,08,26,53.6655,53.6633,-113.848,-113.831,,,102.6,282.6,,,1,,,,,,,
CZVL,3500,100,ASP,16,34,53.6655,53.6559,-113.854,-113.855,,,180.9,.9,,,1,,,,,,,
